"","id","like_count","comments_count","link","date"
"1","108074295885646_1731975623495497","246","364","https://www.facebook.com/allstreetwalker/photos/a.108098952549847.14299.108074295885646/1731975623495497/?type=3","2017-05"
"2","108074295885646_1744739268885799","97","5","https://www.facebook.com/allstreetwalker/photos/a.711476648878738.1073741858.108074295885646/1744738305552562/?type=3","2017-05"
"3","108074295885646_1750180135008379","95","0","https://www.facebook.com/allstreetwalker/photos/a.108098952549847.14299.108074295885646/1750178971675162/?type=3","2017-05"
"4","108074295885646_1762774830415576","82","0","https://www.facebook.com/allstreetwalker/photos/a.711476648878738.1073741858.108074295885646/1762774697082256/?type=3","2017-05"
"5","108074295885646_1753463008013425","67","1","https://www.facebook.com/allstreetwalker/photos/a.108098952549847.14299.108074295885646/1753461791346880/?type=3","2017-05"
"6","108074295885646_1742184332474626","54","1","https://www.facebook.com/allstreetwalker/photos/a.108098952549847.14299.108074295885646/1742179659141760/?type=3","2017-05"
"7","108074295885646_1756704597689266","47","0","https://www.facebook.com/allstreetwalker/photos/a.108098952549847.14299.108074295885646/1756699391023120/?type=3","2017-05"
"8","108074295885646_1753208738038852","28","13","https://www.facebook.com/allstreetwalker/photos/a.108098952549847.14299.108074295885646/1753204011372658/?type=3","2017-05"
"9","108074295885646_1765009070192152","26","0","https://www.facebook.com/allstreetwalker/photos/a.608230362536701.154695.108074295885646/1765009070192152/?type=3","2017-05"
"10","108074295885646_1745311048828621","24","0","https://www.facebook.com/allstreetwalker/photos/a.108098952549847.14299.108074295885646/1745310075495385/?type=3","2017-05"
"11","108074295885646_1696532193706507","181","0","https://www.facebook.com/allstreetwalker/photos/a.108098952549847.14299.108074295885646/1696524073707319/?type=3","2017-04"
"12","108074295885646_1720943301265396","119","68","https://www.facebook.com/allstreetwalker/photos/a.108098952549847.14299.108074295885646/1720909561268770/?type=3","2017-04"
"13","108074295885646_1689557977737262","110","0","https://www.facebook.com/allstreetwalker/photos/a.108098952549847.14299.108074295885646/1689542444405482/?type=3","2017-04"
"14","108074295885646_1705811666111893","105","26","https://www.facebook.com/allstreetwalker/photos/a.108098952549847.14299.108074295885646/1705807476112312/?type=3","2017-04"
"15","108074295885646_1711541618872231","91","2","https://www.facebook.com/allstreetwalker/photos/a.108098952549847.14299.108074295885646/1711539988872394/?type=3","2017-04"
"16","108074295885646_1725762977450095","87","54","https://www.facebook.com/allstreetwalker/photos/a.108098952549847.14299.108074295885646/1725758347450558/?type=3","2017-04"
"17","108074295885646_1713899638636429","79","18","https://www.facebook.com/allstreetwalker/photos/a.108098952549847.14299.108074295885646/1713891251970601/?type=3","2017-04"
"18","108074295885646_1721964914496568","79","0","https://www.facebook.com/allstreetwalker/photos/a.108098952549847.14299.108074295885646/1721957557830637/?type=3","2017-04"
"19","108074295885646_1695426240483769","76","0","https://www.facebook.com/allstreetwalker/photos/a.108098952549847.14299.108074295885646/1695418703817856/?type=3","2017-04"
"20","108074295885646_1708542852505441","72","47","https://www.facebook.com/allstreetwalker/photos/a.108098952549847.14299.108074295885646/1708542852505441/?type=3","2017-04"
"21","108074295885646_1672229072803486","152","1","https://www.facebook.com/allstreetwalker/photos/a.108098952549847.14299.108074295885646/1672225719470488/?type=3","2017-03"
"22","108074295885646_1669191079773952","135","6","https://www.facebook.com/allstreetwalker/photos/a.108098952549847.14299.108074295885646/1669186923107701/?type=3","2017-03"
"23","108074295885646_1657912907568436","130","1","https://www.facebook.com/allstreetwalker/photos/a.108098952549847.14299.108074295885646/1657910927568634/?type=3","2017-03"
"24","108074295885646_1687049144654812","114","2","https://www.facebook.com/allstreetwalker/photos/a.108098952549847.14299.108074295885646/1687049144654812/?type=3","2017-03"
"25","108074295885646_1684064928286567","108","2","https://www.facebook.com/allstreetwalker/photos/a.108098952549847.14299.108074295885646/1684056461620747/?type=3","2017-03"
"26","108074295885646_1663266997033027","103","3","https://www.facebook.com/allstreetwalker/photos/a.108098952549847.14299.108074295885646/1663266743699719/?type=3","2017-03"
"27","108074295885646_1669206963105697","94","0","https://www.facebook.com/allstreetwalker/photos/a.108098952549847.14299.108074295885646/1669199206439806/?type=3","2017-03"
"28","108074295885646_1673057789387281","92","0","https://www.facebook.com/allstreetwalker/photos/a.108098952549847.14299.108074295885646/1673051486054578/?type=3","2017-03"
"29","108074295885646_1680399375319789","89","2","https://www.facebook.com/allstreetwalker/photos/a.108098952549847.14299.108074295885646/1680398311986562/?type=3","2017-03"
"30","108074295885646_1655879137771813","89","1","https://www.facebook.com/allstreetwalker/photos/a.108098952549847.14299.108074295885646/1655875901105470/?type=3","2017-03"
"31","108074295885646_1650415588318168","241","5","https://www.facebook.com/allstreetwalker/photos/a.108098952549847.14299.108074295885646/1650409938318733/?type=3","2017-02"
"32","108074295885646_1621153911244336","222","2","https://www.facebook.com/allstreetwalker/photos/a.711476648878738.1073741858.108074295885646/1621153584577702/?type=3","2017-02"
"33","108074295885646_1640337269326000","186","13","https://www.facebook.com/allstreetwalker/photos/a.711476648878738.1073741858.108074295885646/1640336795992714/?type=3","2017-02"
"34","108074295885646_1641921849167542","179","11","https://www.facebook.com/allstreetwalker/photos/a.711476648878738.1073741858.108074295885646/1641921189167608/?type=3","2017-02"
"35","108074295885646_1629467777079616","164","3","https://www.facebook.com/allstreetwalker/photos/a.108098952549847.14299.108074295885646/1629465247079869/?type=3","2017-02"
"36","108074295885646_1647429065283487","147","11","https://www.facebook.com/allstreetwalker/photos/a.108098952549847.14299.108074295885646/1647429065283487/?type=3","2017-02"
"37","108074295885646_1644149378944789","100","4","https://www.facebook.com/allstreetwalker/photos/a.711476648878738.1073741858.108074295885646/1644149155611478/?type=3","2017-02"
"38","108074295885646_1626259887400405","94","1","https://www.facebook.com/allstreetwalker/photos/a.108098952549847.14299.108074295885646/1626258087400585/?type=3","2017-02"
"39","108074295885646_1633602753332785","91","2","https://www.facebook.com/allstreetwalker/photos/a.108098952549847.14299.108074295885646/1633600783332982/?type=3","2017-02"
"40","108074295885646_1629759497050444","83","0","https://www.facebook.com/allstreetwalker/photos/a.108098952549847.14299.108074295885646/1629756520384075/?type=3","2017-02"
"41","108074295885646_1601824099843984","612","26","https://www.facebook.com/allstreetwalker/photos/a.1060006050692461.1073741915.108074295885646/1601824099843984/?type=3","2017-01"
"42","108074295885646_1601840846508976","223","4","https://www.facebook.com/allstreetwalker/photos/a.108098952549847.14299.108074295885646/1601839559842438/?type=3","2017-01"
"43","108074295885646_1614717198554674","197","3","https://www.facebook.com/allstreetwalker/photos/a.108098952549847.14299.108074295885646/1614714758554918/?type=3","2017-01"
"44","108074295885646_1605839759442418","147","4","https://www.facebook.com/allstreetwalker/photos/a.108098952549847.14299.108074295885646/1605831606109900/?type=3","2017-01"
"45","108074295885646_1603799342979793","108","6","https://www.facebook.com/allstreetwalker/photos/a.108098952549847.14299.108074295885646/1603799342979793/?type=3","2017-01"
"46","108074295885646_1604964856196575","101","0","https://www.facebook.com/allstreetwalker/photos/a.108098952549847.14299.108074295885646/1604912242868503/?type=3","2017-01"
"47","108074295885646_1610764188949975","90","3","https://www.facebook.com/allstreetwalker/photos/a.108098952549847.14299.108074295885646/1610763765616684/?type=3","2017-01"
"48","108074295885646_1586469048046156","86","3","https://www.facebook.com/allstreetwalker/photos/a.108098952549847.14299.108074295885646/1586468014712926/?type=3","2017-01"
"49","108074295885646_1589884541037940","79","1","https://www.facebook.com/allstreetwalker/photos/a.108098952549847.14299.108074295885646/1589884187704642/?type=3","2017-01"
"50","108074295885646_1588544131171981","74","0","https://www.facebook.com/allstreetwalker/photos/a.108098952549847.14299.108074295885646/1588538297839231/?type=3","2017-01"
"51","108074295885646_1574238229269238","138","2","https://www.facebook.com/allstreetwalker/photos/a.108098952549847.14299.108074295885646/1574237172602677/?type=3","2016-12"
"52","108074295885646_1582215255138202","131","2","https://www.facebook.com/allstreetwalker/photos/a.108098952549847.14299.108074295885646/1582212731805121/?type=3","2016-12"
"53","108074295885646_1557323264294068","129","3","https://www.facebook.com/allstreetwalker/photos/a.108098952549847.14299.108074295885646/1557306234295771/?type=3","2016-12"
"54","108074295885646_1545316525494742","126","1","https://www.facebook.com/allstreetwalker/photos/a.108098952549847.14299.108074295885646/1545315318828196/?type=3","2016-12"
"55","108074295885646_1559884424037952","114","0","https://www.facebook.com/allstreetwalker/photos/a.108098952549847.14299.108074295885646/1559883020704759/?type=3","2016-12"
"56","108074295885646_1562430120450049","110","1","https://www.facebook.com/allstreetwalker/photos/a.108098952549847.14299.108074295885646/1562430120450049/?type=3","2016-12"
"57","108074295885646_1567641419928919","100","1","https://www.facebook.com/allstreetwalker/photos/a.108098952549847.14299.108074295885646/1567640083262386/?type=3","2016-12"
"58","108074295885646_1564048240288237","98","3","https://www.facebook.com/allstreetwalker/photos/a.108098952549847.14299.108074295885646/1564038556955872/?type=3","2016-12"
"59","108074295885646_1584374988255562","92","1","https://www.facebook.com/allstreetwalker/photos/a.108098952549847.14299.108074295885646/1584374988255562/?type=3","2016-12"
"60","108074295885646_1557348634291531","91","5","https://www.facebook.com/allstreetwalker/photos/a.108098952549847.14299.108074295885646/1557338980959163/?type=3","2016-12"
