"","id","like_count","comments_count","link","date"
"1","108074295885646_1650415588318168","241","5","https://www.facebook.com/allstreetwalker/photos/a.108098952549847.14299.108074295885646/1650409938318733/?type=3","2017-02"
"2","108074295885646_1621153911244336","222","2","https://www.facebook.com/allstreetwalker/photos/a.711476648878738.1073741858.108074295885646/1621153584577702/?type=3","2017-02"
"3","108074295885646_1696532193706507","181","0","https://www.facebook.com/allstreetwalker/photos/a.108098952549847.14299.108074295885646/1696524073707319/?type=3","2017-04"
"4","108074295885646_1672229072803486","152","1","https://www.facebook.com/allstreetwalker/photos/a.108098952549847.14299.108074295885646/1672225719470488/?type=3","2017-03"
"5","108074295885646_1647429065283487","147","11","https://www.facebook.com/allstreetwalker/photos/a.108098952549847.14299.108074295885646/1647429065283487/?type=3","2017-02"
"6","108074295885646_1605839759442418","147","4","https://www.facebook.com/allstreetwalker/photos/a.108098952549847.14299.108074295885646/1605831606109900/?type=3","2017-01"
"7","108074295885646_1574238229269238","138","2","https://www.facebook.com/allstreetwalker/photos/a.108098952549847.14299.108074295885646/1574237172602677/?type=3","2016-12"
"8","108074295885646_1582215255138202","131","2","https://www.facebook.com/allstreetwalker/photos/a.108098952549847.14299.108074295885646/1582212731805121/?type=3","2016-12"
"9","108074295885646_1657912907568436","130","1","https://www.facebook.com/allstreetwalker/photos/a.108098952549847.14299.108074295885646/1657910927568634/?type=3","2017-03"
"10","108074295885646_1545316525494742","126","1","https://www.facebook.com/allstreetwalker/photos/a.108098952549847.14299.108074295885646/1545315318828196/?type=3","2016-12"
